,Banco,Tipo_contrato,Taxa_tipo,Taxa%,Vencimento,Valor_inicial,Valor_bruto,IR,Valor_liquido,Rentabilidade_liquida%,Rentabilidade/Vencimento
1,BANCO GUANABARA S/A,CDB,CDI_PCT,112.0,196,200000,217783.52,3556.7,214226.82,7.113,0.03629081632653061
4,BANCO GUANABARA S.A.,CDB,CDI_PCT,112.5,225,200000,220409.52,4081.9,216327.61,8.164,0.036284444444444446
3,BANCO GUANABARA S.A.,CDB,CDI_PCT,112.5,228,200000,220678.72,4135.74,216542.97,8.271,0.036276315789473684
0,NEON FINANCEIRA,CDB,CDI_PCT,112.0,182,200000,216443.33,3288.67,213154.67,6.577,0.036137362637362634
2,BANCO GUANABARA S/A,CDB,CDI_PCT,112.0,219,200000,219646.09,3929.22,215716.87,7.858,0.03588127853881278
12,WILL BANK,CDB,PRE,16.4,192,200000,216632.23,3326.45,213305.78,6.653,0.03465104166666667
11,OMNI S/A CFI,CDB,PRE,16.4,184,200000,215912.37,3182.47,212729.9,6.365,0.034592391304347825
5,NEON FINANCEIRA,CDB,CDI_PCT,110.0,154,200000,213533.37,3045.01,210488.37,5.244,0.03405194805194805
18,PICPAY,CDB,CDI_PCT,105.0,181,200000,215252.83,3050.57,212202.26,6.101,0.03370718232044199
15,PICPAY,CDB,CDI_PCT,105.0,181,200000,215252.83,3050.57,212202.26,6.101,0.03370718232044199
9,PARANA,CDB,PRE,16.5,149,200000,212865.61,2894.76,209970.85,4.985,0.033456375838926175
10,OMNI S/A CFI,CDB,PRE,16.5,135,200000,211622.34,2615.03,209007.31,4.504,0.03336296296296296
24,BANCO TOPAZIO,CDB,CDI_PCT,103.5,182,200000,215149.7,3029.94,212119.76,6.06,0.0332967032967033
7,BANCO GUANABARA S/A,CDB,CDI_PCT,110.0,84,200000,207157.69,1610.48,205547.21,2.774,0.033023809523809525
22,NEON FINANCEIRA,CDB,CDI_PCT,102.0,182,200000,214922.21,2984.44,211937.77,5.969,0.0327967032967033
27,BANCO BTG PACTUAL,CDB,CDI_PCT,101.9,182,200000,214907.06,2981.41,211925.65,5.963,0.032763736263736264
26,BANCO BTG PACTUAL,CDB,CDI_PCT,101.9,182,200000,214907.06,2981.41,211925.65,5.963,0.032763736263736264
25,BANCO BTG PACTUAL,CDB,CDI_PCT,101.9,182,200000,214907.06,2981.41,211925.65,5.963,0.032763736263736264
34,BANCO DAYCOVAL,CDB,CDI_PCT,101.5,182,200000,214846.44,2969.29,211877.15,5.939,0.03263186813186813
8,SOROCRED FINANCEIRA,CDB,CDI_PCT,110.0,88,200000,207409.02,1667.03,205741.99,2.871,0.032625
40,BANCO BTG PACTUAL,CDB,CDI_PCT,101.2,182,200000,214800.98,2960.2,211840.79,5.92,0.032527472527472526
39,BANCO BTG PACTUAL,CDB,CDI_PCT,101.2,182,200000,214800.98,2960.2,211840.79,5.92,0.032527472527472526
38,BANCO BTG PACTUAL,CDB,CDI_PCT,101.2,182,200000,214800.98,2960.2,211840.79,5.92,0.032527472527472526
42,PARANA BANCO,CDB,CDI_PCT,101.0,182,200000,214770.69,2954.14,211816.55,5.908,0.032461538461538465
44,BANCO BTG PACTUAL,CDB,CDI_PCT,100.9,182,200000,214755.54,2951.11,211804.43,5.902,0.03242857142857143
45,BANCO BTG PACTUAL,CDB,CDI_PCT,100.9,182,200000,214755.54,2951.11,211804.43,5.902,0.03242857142857143
46,BANCO BTG PACTUAL,CDB,CDI_PCT,100.9,182,200000,214755.54,2951.11,211804.43,5.902,0.03242857142857143
56,BANCO GUANABARA S/A,CDB,CDI_PCT,100.5,189,200000,215290.4,3058.08,212232.32,6.116,0.03235978835978836
54,BANCO DAYCOVAL,CDB,CDI_SPREAD,0.09,182,200000,214717.36,2943.47,211773.88,5.887,0.032346153846153844
87,PORTO,CDB,CDI_PCT,100.5,182,200000,214694.96,2938.99,211755.97,5.878,0.0322967032967033
58,BANCO BTG PACTUAL,CDB,CDI_PCT,100.4,182,200000,214679.82,2935.96,211743.86,5.872,0.03226373626373626
59,BANCO BTG PACTUAL,CDB,CDI_PCT,100.4,182,200000,214679.82,2935.96,211743.86,5.872,0.03226373626373626
60,BANCO BTG PACTUAL,CDB,CDI_PCT,100.4,182,200000,214679.82,2935.96,211743.86,5.872,0.03226373626373626
62,BANCO BRADESCO,CDB,CDI_PCT,100.25,182,200000,214657.11,2931.42,211725.69,5.863,0.032214285714285716
99,BANCO PAN,CDB,CDI_PCT,100.25,182,200000,214657.11,2931.42,211725.69,5.863,0.032214285714285716
67,BANCO BTG PACTUAL,CDB,CDI_PCT,100.1,182,200000,214634.4,2926.88,211707.52,5.854,0.03216483516483516
64,BANCO BTG PACTUAL,CDB,CDI_PCT,100.1,182,200000,214634.4,2926.88,211707.52,5.854,0.03216483516483516
66,BANCO BTG PACTUAL,CDB,CDI_PCT,100.1,182,200000,214634.4,2926.88,211707.52,5.854,0.03216483516483516
55,BANCO GUANABARA S/A,CDB,CDI_PCT,100.5,211,200000,216951.34,3390.27,213561.07,6.781,0.03213744075829384
101,BANCO GUANABARA S.A.,CDB,CDI_PCT,100.0,182,200000,214619.27,2923.85,211695.41,5.848,0.03213186813186813
23,STELLANTIS F S C F E I SA,CDB,PRE,15.2,182,200000,214620.92,2924.18,211696.74,5.848,0.03213186813186813
71,BANCO RNX,CDB,CDI_PCT,100.0,182,200000,214619.27,2923.85,211695.41,5.848,0.03213186813186813
100,BANCO TOPAZIO,CDB,CDI_PCT,103.5,180,200000,214904.38,3353.49,211550.9,5.775,0.03208333333333334
118,PARANA BANCO,CDB,CDI_PCT,99.5,182,200000,214543.59,2908.72,211634.88,5.817,0.031961538461538465
74,PAGBANK,CDB,CDI_PCT,99.75,181,200000,214463.49,2892.7,211570.79,5.785,0.03196132596685083
75,BANCO STELLANTIS,CDB,CDI_PCT,99.71,181,200000,214457.48,2891.5,211565.99,5.783,0.03195027624309393
86,BANCO GUANABARA S/A,CDB,CDI_PCT,99.0,182,200000,214467.95,2893.59,211574.36,5.787,0.031796703296703296
142,MERCADO LIVRE,CDB,CDI_PCT,99.0,182,200000,214467.95,2893.59,211574.36,5.787,0.031796703296703296
89,BANCO BTG PACTUAL,CDB,CDI_PCT,98.9,182,200000,214452.82,2890.56,211562.26,5.781,0.03176373626373626
90,BANCO PAN,CDB,CDI_PCT,98.9,182,200000,214452.82,2890.56,211562.26,5.781,0.03176373626373626
91,BANCO BTG PACTUAL,CDB,CDI_PCT,98.9,182,200000,214452.82,2890.56,211562.26,5.781,0.03176373626373626
115,BANCO DA CHINA BRASIL,CDB,CDI_PCT,98.0,182,200000,214316.74,2863.35,211453.39,5.727,0.03146703296703297
113,BANCO ABC BRASIL,CDB,CDI_PCT,98.0,182,200000,214316.74,2863.35,211453.39,5.727,0.03146703296703297
111,BANCO DAYCOVAL,CDB,CDI_PCT,98.0,182,200000,214316.74,2863.35,211453.39,5.727,0.03146703296703297
16,PICPAY,CDB,CDI_PCT,105.0,90,200000,207306.27,1643.91,205662.36,2.831,0.031455555555555556
17,PICPAY,CDB,CDI_PCT,105.0,90,200000,207306.27,1643.91,205662.36,2.831,0.031455555555555556
119,BANCO BTG PACTUAL,CDB,CDI_PCT,97.9,182,200000,214301.63,2860.33,211441.3,5.721,0.03143406593406593
122,BANCO PAN,CDB,CDI_PCT,97.9,182,200000,214301.63,2860.33,211441.3,5.721,0.03143406593406593
104,BANCO BV,CDB,CDI_PCT,98.3,211,200000,216565.41,3313.08,213252.33,6.626,0.031402843601895734
114,BANCO ABC BRASIL,CDB,CDI_PCT,98.0,181,200000,214201.01,2840.2,211360.81,5.68,0.031381215469613255
112,BANCO DAYCOVAL,CDB,CDI_PCT,98.0,181,200000,214201.01,2840.2,211360.81,5.68,0.031381215469613255
81,BANCO DAYCOVAL,CDB,PRE,14.8,182,200000,214249.01,2849.8,211399.21,5.7,0.03131868131868132
79,BANCO C6 CONSIGNADO S.A,CDB,PRE,14.8,182,200000,214249.01,2849.8,211399.21,5.7,0.03131868131868132
80,PARANA BANCO,CDB,PRE,14.8,182,200000,214249.01,2849.8,211399.21,5.7,0.03131868131868132
208,BANCO ABC BRASIL,CDB,CDI_PCT,97.5,182,200000,214241.18,2848.24,211392.94,5.696,0.031296703296703296
164,BANCO BTG PACTUAL,CDB,CDI_PCT,98.5,184,200000,214392.33,2878.47,211513.87,5.757,0.03128804347826087
19,NU INVEST,CDB,PRE,15.6,79,200000,206374.71,1434.31,204940.4,2.47,0.03126582278481013
133,GOLDMAN SACHS DO BRASIL,CDB,CDI_PCT,97.5,181,200000,214126.08,2825.22,211300.86,5.65,0.03121546961325967
137,BANCO ABC BRASIL,CDB,CDI_PCT,97.5,181,200000,214126.08,2825.22,211300.86,5.65,0.03121546961325967
84,BANCO VOLKSWAGEN S.A.,CDB,PRE,14.75,182,200000,214202.48,2840.5,211361.98,5.681,0.031214285714285715
217,BANCO BV,CDB,CDI_PCT,97.2,182,200000,214195.85,2839.17,211356.68,5.678,0.0311978021978022
88,BANCO CARREFOUR,CDB,PRE,14.73,182,200000,214183.86,2836.77,211347.09,5.674,0.03117582417582418
159,BANCO TOPAZIO,CDB,CDI_PCT,97.0,181,200000,214051.17,2810.23,211240.93,5.62,0.031049723756906077
169,BANCO DAYCOVAL,CDB,CDI_PCT,97.0,181,200000,214051.17,2810.23,211240.93,5.62,0.031049723756906077
158,OURIBANK,CDB,CDI_PCT,97.0,181,200000,214051.17,2810.23,211240.93,5.62,0.031049723756906077
43,"PEFISA S.A. - CR?DITO, FINANCIAMENTO E INVESTIMENTO",CDB,CDI_PCT,101.0,140,200000,211213.79,2523.1,208690.69,4.345,0.031035714285714285
238,BANCO DAYCOVAL,CDB,CDI_PCT,96.5,182,200000,214090.12,2818.02,211272.1,5.636,0.030967032967032966
263,BANCO INDUSTRIAL DO BRASIL S/A.,CDB,CDI_PCT,97.0,183,200000,214165.64,2833.13,211332.51,5.666,0.030961748633879783
183,PARANA BANCO,CDB,CDI_PCT,96.65,181,200000,213998.75,2799.75,211199.0,5.599,0.030933701657458564
198,BANCO DA CHINA BRASIL,CDB,CDI_PCT,96.33,182,200000,214064.46,2812.89,211251.57,5.626,0.030912087912087913
121,STELLANTIS FINANCIAMENTOS,CDB,PRE,14.57,182,200000,214034.87,2806.97,211227.9,5.614,0.030846153846153846
21,PICPAY,CDB,CDI_PCT,103.0,90,200000,207164.68,1612.05,205552.63,2.776,0.03084444444444444
20,PICPAY,CDB,CDI_PCT,103.0,90,200000,207164.68,1612.05,205552.63,2.776,0.03084444444444444
123,MERCADO LIVRE,CDB,PRE,14.56,182,200000,214025.55,2805.11,211220.44,5.61,0.030824175824175827
124,BCO VOLKSWAGEN S/A,CDB,PRE,14.55,182,200000,214016.24,2803.25,211212.99,5.606,0.0308021978021978
30,BANCO BTG PACTUAL,CDB,CDI_PCT,101.8,123,200000,209769.4,2198.12,207571.29,3.786,0.03078048780487805
29,BANCO BTG PACTUAL,CDB,CDI_PCT,101.8,123,200000,209769.4,2198.12,207571.29,3.786,0.03078048780487805
28,BANCO BTG PACTUAL,CDB,CDI_PCT,101.8,123,200000,209769.4,2198.12,207571.29,3.786,0.03078048780487805
181,PAGBANK,CDB,CDI_PCT,101.5,120,200000,209505.39,2138.71,207366.68,3.683,0.030691666666666666
141,BANCO PAN,CDB,PRE,14.49,182,200000,213960.34,2792.07,211168.27,5.584,0.030681318681318678
148,BANCO DAYCOVAL,CDB,PRE,14.48,182,200000,213951.02,2790.2,211160.81,5.58,0.03065934065934066
146,BANCO DAYCOVAL,CDB,PRE,14.48,182,200000,213951.02,2790.2,211160.81,5.58,0.03065934065934066
150,BANCO VOLKSWAGEN,CDB,PRE,14.45,182,200000,213923.06,2784.61,211138.45,5.569,0.030598901098901097
53,"QISTA S.A. - CREDITO, FINANCIAMENTO",CDB,PRE,15.0,148,200000,211661.43,2623.82,209037.61,4.519,0.030533783783783786
177,BANCO DAYCOVAL,CDB,PRE,14.4,182,200000,213876.45,2775.29,211101.16,5.551,0.0305
174,BANCO RNX,CDB,PRE,14.4,182,200000,213876.45,2775.29,211101.16,5.551,0.0305
173,PARANA BANCO,CDB,PRE,14.4,182,200000,213876.45,2775.29,211101.16,5.551,0.0305
231,BANCO RODOBENS,CDB,CDI_PCT,95.29,181,200000,213795.18,2759.04,211036.14,5.518,0.030486187845303866
32,BANCO BTG PACTUAL,CDB,CDI_PCT,101.75,90,200000,207076.23,1592.15,205484.08,2.742,0.030466666666666666
31,BANCO BTG PACTUAL,CDB,CDI_PCT,101.75,90,200000,207076.23,1592.15,205484.08,2.742,0.030466666666666666
33,BANCO BTG PACTUAL,CDB,CDI_PCT,101.75,90,200000,207076.23,1592.15,205484.08,2.742,0.030466666666666666
179,BANCO DAYCOVAL,CDB,PRE,14.38,181,200000,213779.1,2755.82,211023.28,5.512,0.030453038674033147
185,BANCO DAYCOVAL,CDB,PRE,14.37,181,200000,213769.83,2753.97,211015.87,5.508,0.03043093922651934
189,BANCO ABC BRASIL,CDB,PRE,14.36,182,200000,213839.16,2767.83,211071.33,5.536,0.030417582417582415
51,BANCO FIBRA S.A AGENCIA MATRIZ,CDB,PRE,15.0,128,200000,210046.68,2260.5,207786.17,3.893,0.0304140625
57,PARANA BANCO,CDB,CDI_PCT,100.5,120,200000,209409.6,2117.16,207292.44,3.646,0.03038333333333333
199,BANCO BTG PACTUAL,CDB,PRE,14.31,184,200000,213949.27,2789.85,211159.42,5.58,0.03032608695652174
200,STELLANTIS FINANCIAMENTOS,CDB,PRE,14.31,182,200000,213792.54,2758.51,211034.03,5.517,0.030313186813186815
202,BANCO BBC,CDB,PRE,14.3,182,200000,213783.21,2756.64,211026.57,5.513,0.03029120879120879
6,BANCO GUANABARA S/A,CDB,CDI_PCT,110.0,14,200000,201094.25,246.21,200848.04,0.424,0.030285714285714284
65,BANCO DAYCOVAL,CDB,CDI_SPREAD,0.02,120,200000,209375.51,2109.49,207266.02,3.633,0.030275
204,PAGBANK,CDB,CDI_PCT,101.0,90,200000,207023.18,1580.22,205442.97,2.721,0.030233333333333334
41,BANCO DAYCOVAL,CDB,CDI_PCT,101.0,90,200000,207023.18,1580.22,205442.97,2.721,0.030233333333333334
210,STELLANTIS F S C F E I SA,CDB,PRE,14.26,182,200000,213745.9,2749.18,210996.72,5.498,0.03020879120879121
218,BANCO DAYCOVAL,CDB,PRE,14.21,181,200000,213621.48,2724.3,210897.18,5.449,0.030104972375690608
61,BANCO DAYCOVAL,CDB,PRE,14.95,90,200000,206990.31,1572.82,205417.49,2.709,0.030100000000000002
219,BANCO BV,CDB,PRE,14.2,182,200000,213689.93,2737.99,210951.94,5.476,0.03008791208791209
77,BANCO STELLANTIS,CDB,CDI_PCT,99.53,120,200000,209316.73,2096.26,207220.46,3.61,0.030083333333333333
76,PARANA BANCO,CDB,PRE,14.85,120,200000,209314.39,2095.74,207218.65,3.609,0.030075
151,PARANA BANCO,CDB,CDI_PCT,97.15,180,200000,213959.04,3140.78,210818.26,5.409,0.03005
223,BANCO BTG PACTUAL,CDB,PRE,14.18,182,200000,213671.27,2734.25,210937.01,5.469,0.03004945054945055
224,BANCO BTG PACTUAL,CDB,PRE,14.18,182,200000,213671.27,2734.25,210937.01,5.469,0.03004945054945055
222,BANCO PAN,CDB,PRE,14.18,182,200000,213671.27,2734.25,210937.01,5.469,0.03004945054945055
221,BANCO PAN,CDB,PRE,14.18,182,200000,213671.27,2734.25,210937.01,5.469,0.03004945054945055
73,PARANA BANCO,CDB,PRE,14.9,93,200000,207204.51,1621.02,205583.5,2.792,0.030021505376344085
229,BANCO PAN,CDB,PRE,14.16,182,200000,213652.6,2730.52,210922.08,5.461,0.030005494505494508
227,BANCO BTG PACTUAL,CDB,PRE,14.16,182,200000,213652.6,2730.52,210922.08,5.461,0.030005494505494508
82,PAGBANK,CDB,CDI_PCT,99.25,120,200000,209289.92,2090.23,207199.69,3.6,0.030000000000000002
235,BANCO RODOBENS,CDB,PRE,14.14,182,200000,213633.94,2726.79,210907.15,5.454,0.029967032967032965
52,STELLANTIS F S C F E I SA,CDB,PRE,15.0,49,200000,203787.94,852.29,202935.65,1.468,0.029959183673469388
116,BANCO PAN,CDB,CDI_PCT,99.5,91,200000,207030.63,1581.89,205448.74,2.724,0.029934065934065935
139,PARANA BANCO,CDB,CDI_PCT,99.0,120,200000,209266.0,2084.85,207181.15,3.591,0.029925
93,BANCO PAN,CDB,CDI_PCT,98.8,120,200000,209246.86,2080.54,207166.31,3.583,0.029858333333333334
240,PARANA BANCO,CDB,PRE,14.05,181,200000,213473.02,2694.6,210778.42,5.389,0.029773480662983427
157,MERCADO LIVRE,CDB,CDI_PCT,98.5,120,200000,209218.15,2074.08,207144.07,3.572,0.029766666666666667
242,BANCO ABC BRASIL,CDB,PRE,14.03,181,200000,213454.46,2690.89,210763.57,5.382,0.029734806629834253
50,"QISTA S.A. - CREDITO, FINANCIAMENTO",CDB,PRE,15.0,15,200000,201152.03,259.21,200892.83,0.446,0.029733333333333334
241,BANCO PAN,CDB,CDI_PCT,99.25,90,200000,206899.45,1552.38,205347.08,2.674,0.029711111111111112
83,BANCO STELLANTIS,CDB,CDI_PCT,99.16,90,200000,206893.09,1550.95,205342.15,2.671,0.029677777777777775
147,GOLDMAN SACHS DO BRASIL,CDB,CDI_PCT,97.35,150,200000,211477.63,2582.47,208895.16,4.448,0.029653333333333337
35,BANCO BTG PACTUAL,CDB,CDI_PCT,101.25,62,200000,204742.95,1067.16,203675.79,1.838,0.02964516129032258
37,BANCO BTG PACTUAL,CDB,CDI_PCT,101.25,62,200000,204742.95,1067.16,203675.79,1.838,0.02964516129032258
36,BANCO BTG PACTUAL,CDB,CDI_PCT,101.25,62,200000,204742.95,1067.16,203675.79,1.838,0.02964516129032258
167,MERCADO LIVRE,CDB,CDI_PCT,98.5,91,200000,206958.78,1565.72,205393.05,2.697,0.02963736263736264
168,PARANA BANCO,CDB,CDI_PCT,98.5,91,200000,206958.78,1565.72,205393.05,2.697,0.02963736263736264
110,BANCO DAYCOVAL,CDB,PRE,14.59,120,200000,209158.49,2060.66,207097.83,3.549,0.029575
97,BANCO BTG PACTUAL,CDB,CDI_PCT,98.75,90,200000,206864.12,1544.43,205319.69,2.66,0.029555555555555557
98,PAGBANK,CDB,CDI_PCT,98.75,90,200000,206864.12,1544.43,205319.69,2.66,0.029555555555555557
255,BANCO BV,CDB,PRE,13.86,211,200000,215584.32,3116.86,212467.46,6.234,0.029545023696682465
156,OURIBANK,CDB,CDI_PCT,97.0,150,200000,211435.22,2572.92,208862.29,4.431,0.02954
102,BANCO DAYCOVAL,CDB,PRE,14.64,93,200000,207084.95,1594.11,205490.83,2.745,0.029516129032258066
103,MERCADO LIVRE,CDB,PRE,14.63,92,200000,207002.89,1575.65,205427.24,2.714,0.0295
63,BANCO DAYCOVAL,CDB,CDI_SPREAD,0.02,93,200000,207076.92,1592.31,205484.61,2.742,0.029483870967741934
251,BANCO OURIBANK S.A,CDB,PRE,13.9,182,200000,213409.83,2681.97,210727.87,5.364,0.02947252747252747
92,BANCO GUANABARA S/A,CDB,CDI_PCT,98.8,77,200000,205856.29,1317.67,204538.62,2.269,0.02946753246753247
211,OURIBANK,CDB,CDI_PCT,96.0,140,200000,210644.29,2394.97,208249.33,4.125,0.029464285714285714
131,BANCO DAYCOVAL,CDB,CDI_PCT,97.5,120,200000,209122.49,2052.56,207069.93,3.535,0.029458333333333333
135,BANCO DAYCOVAL,CDB,CDI_PCT,97.5,120,200000,209122.49,2052.56,207069.93,3.535,0.029458333333333333
253,BANCO BTG PACTUAL,CDB,PRE,13.89,182,200000,213400.49,2680.1,210720.39,5.36,0.02945054945054945
72,PARANA BANCO,CDB,CDI_PCT,100.0,93,200000,207066.57,1589.98,205476.59,2.738,0.029440860215053762
108,BANCO VOLKSWAGEN S.A.,CDB,PRE,14.6,91,200000,206911.97,1555.19,205356.78,2.678,0.02942857142857143
254,BANCO ABC BRASIL,CDB,PRE,13.88,181,200000,213315.17,2663.03,210652.14,5.326,0.02942541436464088
132,STELLANTIS FINANCIAMENTOS,CDB,PRE,14.5,120,200000,209104.46,2048.5,207055.96,3.528,0.0294
143,BANCO DAYCOVAL,CDB,PRE,14.49,120,200000,209098.46,2047.15,207051.31,3.526,0.02938333333333333
149,GOLDMAN SACHS DO BRASIL,CDB,CDI_PCT,97.25,120,200000,209098.58,2047.18,207051.4,3.526,0.02938333333333333
257,BANCO OURINVEST,CDB,PRE,13.85,182,200000,213363.12,2672.62,210690.49,5.345,0.029368131868131867
117,BANCO BV,CDB,CDI_PCT,97.9,121,200000,209160.75,2061.17,207099.58,3.55,0.02933884297520661
166,OURIBANK,CDB,CDI_PCT,97.0,120,200000,209074.67,2041.8,207032.87,3.516,0.0293
128,BANCO DAYCOVAL,CDB,PRE,14.53,90,200000,206803.57,1530.8,205272.77,2.636,0.02928888888888889
171,PARANA BANCO,CDB,CDI_PCT,96.9,120,200000,209065.11,2039.65,207025.46,3.513,0.029275
109,BANCO DAYCOVAL,CDB,PRE,14.59,60,200000,204527.99,1018.8,203509.19,1.755,0.029249999999999998
126,BANCO BTG PACTUAL,CDB,CDI_PCT,97.75,90,200000,206793.46,1528.53,205264.93,2.632,0.029244444444444444
134,STELLANTIS FINANCIAMENTOS,CDB,PRE,14.5,91,200000,206866.94,1545.06,205321.88,2.661,0.02924175824175824
262,BANCO RODOBENS,CDB,PRE,13.78,181,200000,213222.27,2644.45,210577.81,5.289,0.02922099447513812
178,PARANA BANCO,CDB,PRE,14.39,120,200000,209038.4,2033.64,207004.76,3.502,0.029183333333333332
138,BANCO DAYCOVAL,CDB,CDI_PCT,97.5,90,200000,206775.8,1524.55,205251.24,2.626,0.029177777777777778
193,BANCO BTG PACTUAL,CDB,CDI_PCT,98.0,92,200000,206922.86,1557.64,205365.21,2.683,0.029163043478260868
194,BANCO DAYCOVAL,CDB,CDI_PCT,96.5,120,200000,209026.87,2031.05,206995.82,3.498,0.029150000000000002
187,BANCO DAYCOVAL,CDB,PRE,14.37,120,200000,209026.38,2030.94,206995.45,3.498,0.029150000000000002
182,BANCO PAN,CDB,PRE,14.37,120,200000,209026.38,2030.94,206995.45,3.498,0.029150000000000002
184,PARANA BANCO,CDB,PRE,14.37,120,200000,209026.38,2030.94,206995.45,3.498,0.029150000000000002
129,STELLANTIS FINANCIAMENTOS,CDB,PRE,14.52,62,200000,204659.43,1048.37,203611.06,1.806,0.029129032258064517
152,PARANA BANCO,CDB,PRE,14.44,90,200000,206763.49,1521.78,205241.7,2.621,0.029122222222222223
197,PARANA BANCO,CDB,CDI_PCT,96.4,120,200000,209017.31,2028.89,206988.41,3.494,0.02911666666666667
220,PARANA BANCO,CDB,PRE,14.19,180,200000,213525.29,3043.19,210482.1,5.241,0.029116666666666666
190,BANCO DAYCOVAL,CDB,PRE,14.35,120,200000,209014.36,2028.23,206986.13,3.493,0.029108333333333333
107,BANCO DAYCOVAL,CDB,PRE,14.6,30,200000,202252.77,506.87,201745.9,0.873,0.0291
170,BANCO DAYCOVAL,CDB,PRE,14.41,90,200000,206750.12,1518.78,205231.34,2.616,0.029066666666666668
96,BANCO PAN,CDB,CDI_PCT,98.75,93,200000,206976.74,1569.77,205406.97,2.703,0.029064516129032256
95,BANCO BTG PACTUAL,CDB,CDI_PCT,98.75,93,200000,206976.74,1569.77,205406.97,2.703,0.029064516129032256
176,BANCO PAN,CDB,PRE,14.4,93,200000,206974.4,1569.24,205405.16,2.703,0.029064516129032256
175,BANCO BTG PACTUAL,CDB,PRE,14.4,93,200000,206974.4,1569.24,205405.16,2.703,0.029064516129032256
264,OURIBANK,CDB,PRE,13.7,181,200000,213147.91,2629.58,210518.33,5.259,0.029055248618784533
145,BANCO DAYCOVAL,CDB,PRE,14.48,62,200000,204647.28,1045.64,203601.65,1.801,0.02904838709677419
163,OURIBANK,CDB,CDI_PCT,97.0,90,200000,206740.48,1516.61,205223.87,2.612,0.029022222222222224
155,GOLDMAN SACHS DO BRASIL,CDB,CDI_PCT,97.0,90,200000,206740.48,1516.61,205223.87,2.612,0.029022222222222224
180,BANCO BTG PACTUAL,CDB,PRE,14.38,90,200000,206736.75,1515.77,205220.98,2.61,0.028999999999999998
245,BANCO DAYCOVAL,CDB,CDI_PCT,96.0,120,200000,208979.07,2020.29,206958.78,3.479,0.02899166666666667
106,BANCO PAN,CDB,CDI_PCT,98.25,63,200000,204711.68,1060.13,203651.55,1.826,0.028984126984126984
85,BANCO STELLANTIS,CDB,CDI_PCT,99.01,62,200000,204636.84,1043.29,203593.55,1.797,0.028983870967741934
207,PARANA BANCO,CDB,PRE,14.27,120,200000,208966.28,2017.41,206948.87,3.474,0.02895
265,BANCO ABC BRASIL,CDB,PRE,13.64,182,200000,213166.79,2633.36,210533.43,5.267,0.028939560439560443
195,PARANA BANCO,CDB,PRE,14.34,91,200000,206794.83,1528.84,205265.99,2.633,0.028934065934065934
192,BANCO DAYCOVAL,CDB,PRE,14.34,91,200000,206794.83,1528.84,205265.99,2.633,0.028934065934065934
196,PARANA BANCO,CDB,PRE,14.33,90,200000,206714.46,1510.75,205203.71,2.602,0.02891111111111111
186,PARANA BANCO,CDB,CDI_PCT,96.65,90,200000,206715.76,1511.05,205204.72,2.602,0.02891111111111111
130,BANCO DAYCOVAL,CDB,PRE,14.5,32,200000,202388.37,537.38,201850.98,0.925,0.02890625
244,BANCO DAYCOVAL,CDB,CDI_PCT,96.0,91,200000,206779.24,1525.33,205253.91,2.627,0.028868131868131867
191,BANCO DAYCOVAL,CDB,CDI_PCT,96.5,90,200000,206705.17,1508.66,205196.51,2.598,0.028866666666666665
201,BANCO PAN,CDB,PRE,14.3,91,200000,206776.79,1524.78,205252.01,2.626,0.028857142857142856
206,BANCO BTG PACTUAL,CDB,PRE,14.28,92,200000,206843.4,1539.77,205303.64,2.652,0.02882608695652174
188,BANCO DAYCOVAL,CDB,PRE,14.36,62,200000,204610.83,1037.44,203573.39,1.787,0.02882258064516129
120,BANCO BV,CDB,CDI_PCT,97.9,93,200000,206915.67,1556.03,205359.65,2.68,0.02881720430107527
205,PARANA BANCO,CDB,CDI_PCT,96.15,90,200000,206680.45,1503.1,205177.35,2.589,0.028766666666666666
105,PAGBANK,CDB,CDI_PCT,98.25,62,200000,204600.85,1035.19,203565.66,1.783,0.02875806451612903
172,BANCO DAYCOVAL,CDB,PRE,14.4,30,200000,202223.74,500.34,201723.4,0.862,0.028733333333333333
203,BANCO DAYCOVAL,CDB,PRE,14.3,60,200000,204442.81,999.63,203443.18,1.722,0.0287
136,BANCO DAYCOVAL,CDB,CDI_PCT,97.5,93,200000,206886.95,1549.56,205337.38,2.669,0.028698924731182796
236,BANCO BV,CDB,PRE,14.13,121,200000,208957.72,2015.49,206942.24,3.471,0.02868595041322314
228,BANCO DA CHINA BRASIL,CDB,CDI_PCT,95.33,91,200000,206731.16,1514.51,205216.65,2.608,0.02865934065934066
226,BANCO BV,CDB,PRE,14.18,93,200000,206872.91,1546.4,205326.5,2.663,0.028634408602150534
233,BANCO BTG PACTUAL,CDB,PRE,14.15,92,200000,206784.07,1526.42,205257.65,2.629,0.02857608695652174
232,BANCO BTG PACTUAL,CDB,PRE,14.15,90,200000,206634.17,1492.69,205141.48,2.571,0.028566666666666667
154,BANCO DA CHINA BRASIL,CDB,CDI_PCT,97.0,93,200000,206851.04,1541.48,205309.56,2.655,0.02854838709677419
234,BANCO DAYCOVAL,CDB,PRE,14.14,90,200000,206629.71,1491.68,205138.02,2.569,0.028544444444444445
230,BANCO RODOBENS,CDB,CDI_PCT,95.29,90,200000,206619.74,1489.44,205130.3,2.565,0.0285
144,BANCO PAN,CDB,CDI_PCT,99.0,60,200000,204413.17,992.96,203420.21,1.71,0.0285
209,BANCO DAYCOVAL,CDB,PRE,14.26,30,200000,202203.39,495.76,201707.62,0.854,0.028466666666666664
78,NEON FINANCEIRA,CDB,CDI_PCT,99.4,65,200000,204767.46,1072.68,203694.78,1.847,0.028415384615384617
48,BANCO BTG PACTUAL,CDB,CDI_PCT,100.75,32,200000,202345.87,527.82,201818.05,0.909,0.02840625
49,BANCO BTG PACTUAL,CDB,CDI_PCT,100.75,32,200000,202345.87,527.82,201818.05,0.909,0.02840625
47,BANCO BTG PACTUAL,CDB,CDI_PCT,100.75,32,200000,202345.87,527.82,201818.05,0.909,0.02840625
161,BANCO DAYCOVAL,CDB,CDI_PCT,97.0,62,200000,204541.67,1021.88,203519.8,1.76,0.02838709677419355
247,BANCO RODOBENS,CDB,PRE,14.01,90,200000,206571.65,1478.62,205093.03,2.547,0.028300000000000002
259,BANCO OURINVEST,CDB,PRE,13.85,150,200000,210950.5,2463.86,208486.64,4.243,0.02828666666666667
239,BANCO DAYCOVAL,CDB,PRE,14.06,61,200000,204445.86,1000.32,203445.54,1.723,0.028245901639344265
261,OURIBANK,CDB,PRE,13.8,150,200000,210912.42,2455.29,208457.13,4.229,0.028193333333333334
258,BANCO OURINVEST,CDB,PRE,13.85,120,200000,208713.45,1960.53,206752.93,3.376,0.028133333333333333
256,OURIBANK,CDB,PRE,13.85,120,200000,208713.45,1960.53,206752.93,3.376,0.028133333333333333
215,BANCO DAYCOVAL,CDB,CDI_PCT,96.0,62,200000,204494.34,1011.23,203483.11,1.742,0.028096774193548387
212,GOLDMAN SACHS DO BRASIL,CDB,CDI_PCT,96.0,62,200000,204494.34,1011.23,203483.11,1.742,0.028096774193548387
252,OURIBANK,CDB,PRE,13.9,90,200000,206522.49,1467.56,205054.93,2.527,0.028077777777777778
216,MERCADO LIVRE,CDB,CDI_PCT,97.5,60,200000,204345.6,977.76,203367.84,1.684,0.028066666666666667
267,BANCO CCB,LCA,CDI_PCT,88.5,184,200000,212885.51,2577.1,210308.41,5.154,0.02801086956521739
268,BANCO ABC BRASIL,LCA,CDI_PCT,87.5,182,200000,212735.41,2547.08,210188.33,5.094,0.02798901098901099
269,BANCO ABC BRASIL,LCA,CDI_PCT,87.5,182,200000,212735.41,2547.08,210188.33,5.094,0.02798901098901099
162,BANCO DAYCOVAL,CDB,CDI_PCT,97.0,60,200000,204323.08,972.69,203350.39,1.675,0.027916666666666666
260,BANCO OURINVEST,CDB,PRE,13.8,91,200000,206550.91,1473.95,205076.95,2.538,0.02789010989010989
249,BANCO DAYCOVAL,CDB,PRE,13.94,30,200000,202156.78,485.28,201671.51,0.836,0.027866666666666665
270,BANCO ABC BRASIL,LCA,CDI_PCT,87.0,182,200000,212660.4,2532.08,210128.32,5.064,0.027824175824175824
266,OURIBANK,CDB,PRE,13.6,140,200000,210025.0,2255.63,207769.38,3.885,0.027749999999999997
271,BANCO ABC BRASIL,LCA,CDI_PCT,86.5,182,200000,212585.41,2517.08,210068.33,5.034,0.02765934065934066
246,BANCO DAYCOVAL,CDB,CDI_PCT,96.0,60,200000,204278.05,962.56,203315.49,1.658,0.027633333333333333
213,BANCO DA CHINA BRASIL,CDB,CDI_PCT,96.0,60,200000,204278.05,962.56,203315.49,1.658,0.027633333333333333
248,BANCO DA CHINA BRASIL,CDB,CDI_PCT,94.33,62,200000,204415.32,993.45,203421.88,1.711,0.027596774193548387
273,BANCO BTG PACTUAL,LCA,CDI_PCT,85.0,182,200000,212360.62,2472.12,209888.49,4.944,0.027164835164835165
272,BANCO BTG PACTUAL,LCA,CDI_PCT,85.0,182,200000,212360.62,2472.12,209888.49,4.944,0.027164835164835165
274,BANCO BTG PACTUAL,LCA,CDI_PCT,85.0,182,200000,212360.62,2472.12,209888.49,4.944,0.027164835164835165
214,BANCO DAYCOVAL,CDB,CDI_PCT,96.0,32,200000,202234.69,502.8,201731.88,0.866,0.0270625
94,BANCO STELLANTIS,CDB,CDI_PCT,98.79,30,200000,202079.8,467.96,201611.85,0.806,0.026866666666666667
275,SICOOB,LCA,CDI_PCT,84.0,188,200000,212604.25,2520.85,210083.4,5.042,0.026819148936170212
160,BANCO PAN,CDB,CDI_PCT,98.5,30,200000,202073.67,466.58,201607.09,0.804,0.0268
125,BANCO PAN,CDB,CDI_PCT,97.75,30,200000,202057.8,463.01,201594.8,0.797,0.02656666666666667
127,PAGBANK,CDB,CDI_PCT,97.75,30,200000,202057.8,463.01,201594.8,0.797,0.02656666666666667
277,BANCO BTG PACTUAL,LCA,CDI_PCT,83.0,182,200000,212061.25,2412.25,209649.0,4.824,0.026505494505494505
165,BANCO DAYCOVAL,CDB,CDI_PCT,97.0,30,200000,202041.94,459.44,201582.5,0.791,0.026366666666666667
153,BANCO DAYCOVAL,CDB,CDI_PCT,97.0,30,200000,202041.94,459.44,201582.5,0.791,0.026366666666666667
276,BANCO ABC BRASIL,LCI,PRE,12.35,182,200000,211956.75,2391.35,209565.4,4.783,0.02628021978021978
237,MERCADO LIVRE,CDB,CDI_PCT,96.5,30,200000,202031.36,457.06,201574.31,0.787,0.026233333333333334
278,BANCO BTG PACTUAL,LCA,CDI_PCT,82.0,182,200000,211911.72,2382.34,209529.38,4.765,0.02618131868131868
243,BANCO DAYCOVAL,CDB,CDI_PCT,96.0,30,200000,202020.79,454.68,201566.11,0.783,0.0261
225,BANCO DA CHINA BRASIL,CDB,CDI_PCT,95.5,30,200000,202010.21,452.3,201557.91,0.779,0.02596666666666667
282,BANCO BTG PACTUAL,LCA,CDI_PCT,81.0,182,200000,211762.3,2352.46,209409.84,4.705,0.02585164835164835
283,BANCO BTG PACTUAL,LCA,CDI_PCT,81.0,182,200000,211762.3,2352.46,209409.84,4.705,0.02585164835164835
279,BANCO ABC BRASIL,LCA,PRE,12.05,182,200000,211674.35,2334.87,209339.48,4.67,0.025659340659340658
281,BANCO BOCOM BBM,LCA,CDI_PCT,81.0,184,200000,211762.3,2352.46,209409.84,4.705,0.025570652173913043
280,BBM,LCA,PRE,11.99,182,200000,211617.83,2323.57,209294.26,4.647,0.025532967032967036
250,BANCO DA CHINA BRASIL,CDB,CDI_PCT,93.83,30,200000,201974.9,444.35,201530.54,0.765,0.025500000000000002
284,BANCO BOCOM BBM,LCA,CDI_PCT,80.75,184,200000,211724.96,2344.99,209379.97,4.69,0.02548913043478261
285,BANCO ABC BRASIL,LCA,PRE,11.84,182,200000,211476.45,2295.29,209181.16,4.591,0.025225274725274725
286,BANCO BTG PACTUAL,LCA,PRE,11.71,182,200000,211353.84,2270.77,209083.07,4.542,0.024956043956043956
287,"AGROLEND SOCIEDADE DE CREDITO, FINA",LCA,PRE,11.55,185,200000,211392.67,2278.53,209114.13,4.557,0.024632432432432433
13,BANCO HAITONG,CDB,IPCA,10.6,218,200000,213335.7,2667.14,210668.56,5.334,0.02446788990825688
288,BANCO BTG PACTUAL,LCA,PRE,11.47,182,200000,211127.3,2225.46,208901.84,4.451,0.024456043956043953
289,BANCO BOCOM BBM,LCA,PRE,11.41,184,200000,211195.63,2239.13,208956.5,4.478,0.024336956521739127
14,BANCO BV,CDB,IPCA,10.6,171,200000,210434.62,2347.79,208086.83,4.043,0.02364327485380117
290,BANCO BOCOM BBM,LCA,PRE,11.05,184,200000,210851.33,2170.27,208681.06,4.341,0.023592391304347825
291,BANCO BTG PACTUAL,LCA,PRE,11.04,182,200000,210720.81,2144.16,208576.65,4.288,0.023560439560439562
292,PICPAY,CDB,PRE,10.66,181,200000,210302.55,2060.51,208242.04,4.121,0.022767955801104973
293,PICPAY,CDB,PRE,10.66,181,200000,210302.55,2060.51,208242.04,4.121,0.022767955801104973
70,BANCO C6 CONSIGNADO S.A.,CDB,IPCA,10.0,161,200000,209418.99,2119.27,207299.72,3.65,0.02267080745341615
68,BANCO FIBRA S.A AGENCIA MATRIZ,CDB,IPCA,10.0,134,200000,207737.27,1740.89,205996.39,2.998,0.02237313432835821
69,PARANA BANCO,CDB,IPCA,10.0,141,200000,208130.49,1829.36,206301.13,3.151,0.022347517730496452
140,BR PARTNERS BANCO DE INVESTIME,CDB,IPCA,9.6,163,200000,209077.17,2042.36,207034.81,3.517,0.021576687116564415
